"ID","Glucosa","pH","Cetonas","Creatinina","Hemoglobina","Leucocitos","Sodio","Potasio","Urea","Amilasa","Nombre"
1,110,7.35,0,1.1,14.5,15000,134,4.3,50,80,"Juan Pérez"
2,140,7.3,0,0.9,13,12000,137,4,40,50,"María López"
3,450,7.1,5,1.6,16,18000,130,5.5,60,95,"Carlos García"
4,120,7.4,0,0.8,12.8,16000,135,3.8,30,55,"Lucía Ramírez"
5,130,7.28,0,1.8,11,12000,130,4.8,90,30,"Miguel Rodríguez"
6,220,7.25,0.4,2,13,18000,132,5.2,90,25,"Ana Gómez"
7,180,7.37,0,1,14,12000,138,4.3,40,20,"Pedro Álvarez"
8,130,7.28,0,0.9,16,14000,135,3.6,30,20,"Rosa Jiménez"
9,110,7.48,0,0.8,15,14000,138,3.2,15,25,"Javier Santos"
10,180,7.3,0.5,1.4,16,17000,133,4.5,70,850,"Alejandro Ruiz"
